positive_class,true_negatives,false_positives,false_negatives,true_positives,example_count,accuracy_score,recall_score,precision_score,f1_score,roc_auc,precision_recall_auc
0,32,0,0,13,45,1.0,1.0,1.0,1.0,1.0,0.9999999999999998
1,24,7,0,14,45,0.8444444444444444,1.0,0.6666666666666666,0.8,0.923963133640553,0.8680295710481467
2,27,0,7,11,45,0.8444444444444444,0.6111111111111112,1.0,0.7586206896551724,0.9835390946502057,0.9793169793169794
