positive_class,true_negatives,false_positives,false_negatives,true_positives,example_count,accuracy_score,recall_score,precision_score,f1_score,roc_auc,precision_recall_auc
0,31,1,0,13,45,0.9777777777777777,1.0,0.9285714285714286,0.9629629629629629,1.0,0.9999999999999998
1,24,7,0,14,45,0.8444444444444444,1.0,0.6666666666666666,0.8,0.923963133640553,0.8680295710481467
2,27,0,8,10,45,0.8222222222222222,0.5555555555555556,1.0,0.7142857142857143,0.9835390946502057,0.9793169793169794
